{
  "accuracy": 0.932,
  "precision": 0.9318626541334971,
  "recall": 0.9319999999999998,
  "f1": 0.9318835910591599,
  "params": 23520842,
  "size_mb": 94.408905,
  "flops_G": 2.623188992,
  "inference_ms": {
    "cpu": {
      "single_img_ms": 14.8603,
      "batch128_ms": 770.928,
      "per_img_ms": 6.0229,
      "throughput_imgs_sec": 166.0,
      "timing_method": "time.perf_counter()"
    },
    "gpu": {
      "single_img_ms": 4.428,
      "batch128_ms": 52.0197,
      "per_img_ms": 0.4064,
      "throughput_imgs_sec": 2460.6,
      "timing_method": "CUDA events + torch.cuda.synchronize()"
    }
  }
}