{
  "threshold": 0.01,
  "methods": [
    {
      "method_id": "M1_unstructured",
      "method_label": "Unstructured Pruning",
      "passed_threshold": true,
      "threshold_used": 0.01,
      "config": "sparsity=30%",
      "accuracy": 0.9321,
      "precision": 0.931969,
      "recall": 0.9321,
      "f1": 0.931987,
      "num_parameters": 23520842,
      "model_size_mb": 90.0294,
      "inference_time_ms": 51.7699,
      "flops": 2623188992,
      "accuracy_drop": -0.0001,
      "accuracy_drop_pct": -0.01,
      "size_reduction_pct": 4.64,
      "full_best_row": {
        "sparsity": 0.3,
        "accuracy": 0.9321,
        "precision": 0.931969,
        "recall": 0.9321,
        "f1": 0.931987,
        "num_parameters": 23520842,
        "model_size_mb": 90.0294,
        "inference_time_ms": 51.7699,
        "flops": 2623188992
      },
      "baseline": {
        "accuracy": 0.932,
        "precision": 0.9318626541334971,
        "recall": 0.9319999999999998,
        "f1": 0.9318835910591599,
        "params": 23520842,
        "size_mb": 94.408905,
        "macs_G": 1.311594496,
        "flops_G": 2.623188992,
        "inference_ms": 4.578483581542969
      }
    },
    {
      "method_id": "M2_structured",
      "method_label": "Structured Pruning",
      "passed_threshold": true,
      "threshold_used": 0.01,
      "config": "filter_pruning_ratio=10%",
      "accuracy": 0.9322,
      "precision": 0.932111,
      "recall": 0.9322,
      "f1": 0.932104,
      "num_parameters": 23520842,
      "model_size_mb": 90.0294,
      "inference_time_ms": 104.5889,
      "flops": 2623188992,
      "accuracy_drop": -0.0002,
      "accuracy_drop_pct": -0.02,
      "size_reduction_pct": 4.64,
      "full_best_row": {
        "filter_pruning_ratio": 0.1,
        "accuracy": 0.9322,
        "precision": 0.932111,
        "recall": 0.9322,
        "f1": 0.932104,
        "num_parameters": 23520842,
        "model_size_mb": 90.0294,
        "inference_time_ms": 104.5889,
        "flops": 2623188992
      },
      "baseline": {
        "accuracy": 0.932,
        "precision": 0.9318626541334971,
        "recall": 0.9319999999999998,
        "f1": 0.9318835910591599,
        "params": 23520842,
        "size_mb": 94.408905,
        "macs_G": 1.311594496,
        "flops_G": 2.623188992,
        "inference_ms": 4.578483581542969
      }
    },
    {
      "method_id": "M3_magnitude",
      "method_label": "Magnitude Pruning",
      "passed_threshold": true,
      "threshold_used": 0.01,
      "config": "sparsity=30% | criterion=global_l1",
      "accuracy": 0.9321,
      "precision": 0.931969,
      "recall": 0.9321,
      "f1": 0.931987,
      "num_parameters": 23520842,
      "model_size_mb": 90.0294,
      "inference_time_ms": 120.3432,
      "flops": 2623188992,
      "accuracy_drop": -0.0001,
      "accuracy_drop_pct": -0.01,
      "size_reduction_pct": 4.64,
      "full_best_row": {
        "sparsity": 0.3,
        "criterion": "global_l1",
        "accuracy": 0.9321,
        "precision": 0.931969,
        "recall": 0.9321,
        "f1": 0.931987,
        "num_parameters": 23520842,
        "model_size_mb": 90.0294,
        "inference_time_ms": 120.3432,
        "flops": 2623188992
      },
      "baseline": {
        "accuracy": 0.932,
        "precision": 0.9318626541334971,
        "recall": 0.9319999999999998,
        "f1": 0.9318835910591599,
        "params": 23520842,
        "size_mb": 94.408905,
        "macs_G": 1.311594496,
        "flops_G": 2.623188992,
        "inference_ms": 4.578483581542969
      }
    },
    {
      "method_id": "M4_movement",
      "method_label": "Movement Pruning",
      "passed_threshold": false,
      "threshold_used": 0.01,
      "config": "sparsity=30%",
      "accuracy": 0.1,
      "precision": 0.01,
      "recall": 0.1,
      "f1": 0.018182,
      "num_parameters": 23520842,
      "model_size_mb": 90.0294,
      "inference_time_ms": 51.0182,
      "flops": 2623188992,
      "accuracy_drop": 0.832,
      "accuracy_drop_pct": 83.2,
      "size_reduction_pct": 4.64,
      "full_best_row": {
        "sparsity": 0.3,
        "accuracy": 0.1,
        "precision": 0.01,
        "recall": 0.1,
        "f1": 0.018182,
        "num_parameters": 23520842,
        "model_size_mb": 90.0294,
        "inference_time_ms": 51.0182,
        "flops": 2623188992
      },
      "baseline": {
        "accuracy": 0.932,
        "precision": 0.9318626541334971,
        "recall": 0.9319999999999998,
        "f1": 0.9318835910591599,
        "params": 23520842,
        "size_mb": 94.408905,
        "macs_G": 1.311594496,
        "flops_G": 2.623188992,
        "inference_ms": 4.578483581542969
      }
    },
    {
      "method_id": "M5_lottery_ticket",
      "method_label": "Lottery Ticket Hypothesis",
      "passed_threshold": true,
      "threshold_used": 0.01,
      "config": "sparsity=30%",
      "accuracy": 0.9321,
      "precision": 0.931969,
      "recall": 0.9321,
      "f1": 0.931987,
      "num_parameters": 23520842,
      "model_size_mb": 90.0294,
      "inference_time_ms": 183.4427,
      "flops": 2623188992,
      "accuracy_drop": -0.0001,
      "accuracy_drop_pct": -0.01,
      "size_reduction_pct": 4.64,
      "full_best_row": {
        "sparsity": 0.3,
        "iterative_rounds": 5,
        "accuracy": 0.9321,
        "precision": 0.931969,
        "recall": 0.9321,
        "f1": 0.931987,
        "num_parameters": 23520842,
        "model_size_mb": 90.0294,
        "inference_time_ms": 183.4427,
        "flops": 2623188992,
        "random_init_accuracy": 0.1,
        "lth_advantage_pct": 83.21
      },
      "baseline": {
        "accuracy": 0.932,
        "precision": 0.9318626541334971,
        "recall": 0.9319999999999998,
        "f1": 0.9318835910591599,
        "params": 23520842,
        "size_mb": 94.408905,
        "macs_G": 1.311594496,
        "flops_G": 2.623188992,
        "inference_ms": 4.578483581542969
      }
    },
    {
      "method_id": "M6_iterative",
      "method_label": "Iterative Pruning",
      "passed_threshold": true,
      "threshold_used": 0.01,
      "config": "round=6 | cumulative_sparsity=62%",
      "accuracy": 0.9322,
      "precision": 0.932076,
      "recall": 0.9322,
      "f1": 0.932078,
      "num_parameters": 23520842,
      "model_size_mb": 90.0395,
      "inference_time_ms": 343.9818,
      "flops": 2623188992,
      "accuracy_drop": -0.0002,
      "accuracy_drop_pct": -0.02,
      "size_reduction_pct": 4.63,
      "full_best_row": {
        "round": 6,
        "cumulative_sparsity": 0.6229,
        "accuracy": 0.9322,
        "precision": 0.932076,
        "recall": 0.9322,
        "f1": 0.932078,
        "num_parameters": 23520842,
        "model_size_mb": 90.0395,
        "inference_time_ms": 343.9818,
        "flops": 2623188992
      },
      "baseline": {
        "accuracy": 0.932,
        "precision": 0.9318626541334971,
        "recall": 0.9319999999999998,
        "f1": 0.9318835910591599,
        "params": 23520842,
        "size_mb": 94.408905,
        "macs_G": 1.311594496,
        "flops_G": 2.623188992,
        "inference_ms": 4.578483581542969
      }
    },
    {
      "method_id": "M7_oneshot",
      "method_label": "One-Shot Pruning",
      "passed_threshold": true,
      "threshold_used": 0.01,
      "config": "sparsity=30% | variant=one_shot_l1",
      "accuracy": 0.9321,
      "precision": 0.931969,
      "recall": 0.9321,
      "f1": 0.931987,
      "num_parameters": 23520842,
      "model_size_mb": 90.0294,
      "inference_time_ms": 159.5129,
      "flops": 2623188992,
      "accuracy_drop": -0.0001,
      "accuracy_drop_pct": -0.01,
      "size_reduction_pct": 4.64,
      "full_best_row": {
        "sparsity": 0.3,
        "variant": "one_shot_l1",
        "accuracy": 0.9321,
        "precision": 0.931969,
        "recall": 0.9321,
        "f1": 0.931987,
        "num_parameters": 23520842,
        "model_size_mb": 90.0294,