{
  "accuracy": 0.9666,
  "precision": 0.9666565933683346,
  "recall": 0.9666,
  "f1": 0.9666162242879113,
  "params": 21342346,
  "size_mb": 85.433077,
  "flops_G": 2.762743296,
  "inference_ms": 4.534252882003784,
  "input_resolution": 32,
  "patch_size": 4,
  "num_patches": 64,
  "pretrained": "ImageNet-21k (vit_small_patch16_224 via timm, pos_embed interpolated)"
}