{
  "method": "movement_pruning",
  "sparsity_target": 0.5,
  "finetune_epochs": 10,
  "finetune_lr": 0.001,
  "metrics": {
    "accuracy": 0.9179,
    "precision": 0.9189806480475647,
    "recall": 0.9178999999999998,
    "f1": 0.9177391722038284,
    "params_total": 23520842,
    "params_nonzero": 11760398,
    "sparsity_actual": 0.5000009778561498,
    "size_mb": 94.394083,
    "flops_G": 2.623188992,
    "inference_ms": 4.712794000282884
  },
  "method_note": "True movement pruning (Sanh et al. 2020). Score = sign(w0) * (w1 - w0). Weights moving toward zero are pruned globally."
}